p_raw,p_cal,weight
0.003,0.015,1
0.003,0.016,1
0.004,0.019,2
0.004,0.02,4
0.004,0.021,2
0.005,0.022,14
0.005,0.023,10
0.005,0.024,2
0.006,0.025,2
0.006,0.026,6
0.007,0.026,3
0.007,0.027,6
0.007,0.028,9
0.008,0.029,6
0.008,0.03,5
0.008,0.031,2
0.009,0.031,4
0.009,0.032,11
0.01,0.033,5
0.01,0.034,9
0.011,0.035,2
0.011,0.036,4
0.012,0.037,3
0.012,0.038,4
0.013,0.038,2
0.013,0.039,9
0.013,0.04,9
0.014,0.04,5
0.014,0.041,10
0.014,0.042,3
0.015,0.042,10
0.015,0.043,16
0.016,0.043,1
0.016,0.044,25
0.016,0.045,10
0.017,0.045,27
0.017,0.046,37
0.017,0.047,4
0.018,0.047,33
0.018,0.048,14
0.019,0.048,7
0.019,0.049,28
0.02,0.05,31
0.02,0.051,25
0.021,0.051,15
0.021,0.052,47
0.022,0.052,11
0.022,0.053,67
0.022,0.054,27
0.023,0.054,40
0.023,0.055,53
0.024,0.055,29
0.024,0.056,73
0.025,0.056,1
0.025,0.057,65
0.025,0.058,24
0.026,0.058,64
0.026,0.059,67
0.027,0.059,32
0.027,0.06,88
0.028,0.06,20
0.028,0.061,124
0.028,0.062,6
0.029,0.062,129
0.029,0.063,26
0.03,0.063,69
0.03,0.064,79
0.031,0.064,53
0.031,0.065,72
0.032,0.065,29
0.032,0.066,105
0.033,0.066,10
0.033,0.067,142
0.033,0.068,3
0.034,0.068,142
0.034,0.069,12
0.035,0.069,137
0.035,0.07,47
0.036,0.07,92
0.036,0.071,63
0.037,0.071,110
0.037,0.072,83
0.038,0.072,106
0.038,0.073,133
0.039,0.073,56
0.039,0.074,140
0.04,0.074,54
0.04,0.075,145
0.041,0.075,64
0.041,0.076,139
0.042,0.076,23
0.042,0.077,140
0.043,0.077,31
0.043,0.078,179
0.044,0.078,17
0.044,0.079,183
0.045,0.079,6
0.045,0.08,190
0.046,0.08,11
0.046,0.081,183
0.047,0.081,13
0.047,0.082,194
0.048,0.082,16
0.048,0.083,187
0.049,0.083,14
0.049,0.084,204
0.05,0.084,13
0.05,0.085,188
0.051,0.085,25
0.051,0.086,120
0.052,0.086,26
0.052,0.087,118
0.053,0.087,47
0.053,0.088,146
0.054,0.088,42
0.054,0.089,117
0.055,0.089,53
0.055,0.09,103
0.056,0.09,61
0.056,0.091,89
0.057,0.091,60
0.057,0.092,75
0.058,0.092,83
0.058,0.093,44
0.059,0.093,109
0.059,0.094,43
0.06,0.094,142
0.06,0.095,26
0.061,0.095,133
0.061,0.096,3
0.062,0.096,151
0.063,0.096,12
0.063,0.097,160
0.064,0.097,38
0.064,0.098,140
0.065,0.098,78
0.065,0.099,125
0.066,0.099,105
0.066,0.1,121
0.067,0.1,159
0.067,0.101,63
0.068,0.101,151
0.068,0.102,24
0.069,0.102,223
0.07,0.102,19
0.07,0.103,202
0.071,0.103,54
0.071,0.104,143
0.072,0.104,108
0.072,0.105,89
0.073,0.105,140
0.073,0.106,70
0.074,0.106,144
0.074,0.107,17
0.075,0.107,197
0.076,0.107,18
0.076,0.108,146
0.077,0.108,60
0.077,0.109,120
0.078,0.109,120
0.078,0.11,114
0.079,0.11,150
0.079,0.111,36
0.08,0.111,212
0.081,0.111,4
0.081,0.112,213
0.082,0.112,62
0.082,0.113,173
0.083,0.113,109
0.083,0.114,96
0.084,0.114,152
0.084,0.115,18
0.085,0.115,159
0.086,0.115,36
0.086,0.116,142
0.087,0.116,70
0.087,0.117,92
0.088,0.117,131
0.088,0.118,29
0.089,0.118,150
0.09,0.118,16
0.09,0.119,155
0.091,0.119,75
0.091,0.12,100
0.092,0.12,130
0.092,0.121,49
0.093,0.121,163
0.094,0.121,18
0.094,0.122,167
0.095,0.122,69
0.095,0.123,103
0.096,0.123,124
0.096,0.124,24
0.097,0.124,197
0.098,0.124,26
0.098,0.125,163
0.099,0.125,102
0.099,0.126,91
0.1,0.126,167
0.1,0.127,17
0.101,0.127,171
0.102,0.127,61
0.102,0.128,113
0.103,0.128,153
0.103,0.129,46
0.104,0.129,204
0.105,0.129,15
0.105,0.13,167
0.106,0.13,86
0.106,0.131,83
0.107,0.131,171
0.107,0.132,25
0.108,0.132,165
0.109,0.132,74
0.109,0.133,129
0.11,0.133,122
0.11,0.134,36
0.111,0.134,188
0.112,0.134,31
0.112,0.135,136
0.113,0.135,108
0.113,0.136,55
0.114,0.136,165
0.115,0.136,17
0.115,0.137,173
0.116,0.137,76
0.116,0.138,68
0.117,0.138,161
0.118,0.138,1
0.118,0.139,165
0.119,0.139,83
0.119,0.14,88
0.12,0.14,175
0.12,0.141,6
0.121,0.141,172
0.122,0.141,62
0.122,0.142,94
0.123,0.142,162
0.123,0.143,11
0.124,0.143,159
0.125,0.143,81
0.125,0.144,100
0.126,0.144,140
0.126,0.145,14
0.127,0.145,155
0.128,0.145,59
0.128,0.146,97
0.129,0.146,150
0.129,0.147,14
0.13,0.147,168
0.131,0.147,75
0.131,0.148,78
0.132,0.148,137
0.133,0.148,5
0.133,0.149,177
0.134,0.149,90
0.134,0.15,63
0.135,0.15,153
0.136,0.15,18
0.136,0.151,151
0.137,0.151,113
0.137,0.152,52
0.138,0.152,141
0.139,0.152,30
0.139,0.153,150
0.14,0.153,121
0.14,0.154,47
0.141,0.154,165
0.142,0.154,63
0.142,0.155,101
0.143,0.155,128
0.143,0.156,19
0.144,0.156,154
0.145,0.156,88
0.145,0.157,76
0.146,0.157,158
0.147,0.157,14
0.147,0.158,140
0.148,0.158,112
0.148,0.159,38
0.149,0.159,158
0.15,0.159,57
0.15,0.16,109
0.151,0.16,148
0.151,0.161,23
0.152,0.161,164
0.153,0.161,83
0.153,0.162,84
0.154,0.162,155
0.155,0.162,18
0.155,0.163,144
0.156,0.163,106
0.156,0.164,41
0.157,0.164,148
0.158,0.164,57
0.158,0.165,90
0.159,0.165,167
0.16,0.166,153
0.161,0.166,108
0.161,0.167,53
0.162,0.167,148
0.163,0.167,54
0.163,0.168,103
0.164,0.168,131
0.164,0.169,5
0.165,0.169,133
0.166,0.169,90
0.166,0.17,53
0.167,0.17,152
0.168,0.17,51
0.168,0.171,103
0.169,0.171,128
0.169,0.172,13
0.17,0.172,143
0.171,0.172,94
0.171,0.173,56
0.172,0.173,152
0.173,0.173,47
0.173,0.174,113
0.174,0.174,149
0.174,0.175,8
0.175,0.175,140
0.176,0.175,109
0.176,0.176,53
0.177,0.176,145
0.178,0.176,49
0.178,0.177,101
0.179,0.177,130
0.18,0.177,13
0.18,0.178,124
0.181,0.178,102
0.181,0.179,32
0.182,0.179,152
0.183,0.179,71
0.183,0.18,70
0.184,0.18,143
0.185,0.18,33
0.185,0.181,104
0.186,0.181,136
0.186,0.182,8
0.187,0.182,145
0.188,0.182,82
0.188,0.183,44
0.189,0.183,114
0.19,0.183,45
0.19,0.184,88
0.191,0.184,144
0.192,0.184,20
0.192,0.185,119
0.193,0.185,110
0.193,0.186,27
0.194,0.186,142
0.195,0.186,85
0.195,0.187,43
0.196,0.187,157
0.197,0.187,46
0.197,0.188,95
0.198,0.188,137
0.199,0.188,13
0.199,0.189,114
0.2,0.189,126
0.2,0.19,22
0.201,0.19,165
0.202,0.19,97
0.202,0.191,49
0.203,0.191,145
0.204,0.191,52
0.204,0.192,82
0.205,0.192,150
0.206,0.192,18
0.206,0.193,106
0.207,0.193,134
0.207,0.194,8
0.208,0.194,126
0.209,0.194,108
0.209,0.195,40
0.21,0.195,109
0.211,0.195,61
0.211,0.196,62
0.212,0.196,136
0.213,0.196,46
0.213,0.197,102
0.214,0.197,126
0.215,0.197,13
0.215,0.198,117
0.216,0.198,125
0.216,0.199,15
0.217,0.199,149
0.218,0.199,95
0.218,0.2,36
0.219,0.2,168
0.22,0.2,60
0.22,0.201,72
0.221,0.201,135
0.222,0.201,46
0.222,0.202,84
0.223,0.202,144
0.224,0.202,20
0.224,0.203,107
0.225,0.203,119
0.225,0.204,9
0.226,0.204,122
0.227,0.204,96
0.227,0.205,27
0.228,0.205,132
0.229,0.205,83
0.229,0.206,62
0.23,0.206,145
0.231,0.206,63
0.231,0.207,94
0.232,0.207,151
0.233,0.207,35
0.233,0.208,102
0.234,0.208,112
0.235,0.208,8
0.235,0.209,150
0.236,0.209,126
0.236,0.21,9
0.237,0.21,110
0.238,0.21,116
0.238,0.211,32
0.239,0.211,141
0.24,0.211,80
0.24,0.212,45
0.241,0.212,150
0.242,0.212,63
0.242,0.213,77
0.243,0.213,155
0.244,0.213,40
0.244,0.214,95
0.245,0.214,145
0.246,0.214,23
0.246,0.215,147
0.247,0.215,116
0.247,0.216,1
0.248,0.216,128
0.249,0.216,110
0.249,0.217,26
0.25,0.217,125
0.251,0.217,122
0.251,0.218,35
0.252,0.218,140
0.253,0.218,91
0.253,0.219,54
0.254,0.219,142
0.255,0.219,59
0.255,0.22,60
0.256,0.22,122
0.257,0.22,56
0.257,0.221,87
0.258,0.221,126
0.259,0.221,32
0.259,0.222,105
0.26,0.222,135
0.261,0.222,10
0.261,0.223,112
0.262,0.223,133
0.262,0.224,1
0.263,0.224,165
0.264,0.224,110
0.264,0.225,24
0.265,0.225,135
0.266,0.225,99
0.266,0.226,34
0.267,0.226,131
0.268,0.226,94
0.268,0.227,48
0.269,0.227,134
0.27,0.227,71
0.27,0.228,54
0.271,0.228,129
0.272,0.228,51
0.272,0.229,74
0.273,0.229,144
0.274,0.229,39
0.274,0.23,91
0.275,0.23,126
0.276,0.23,35
0.276,0.231,120
0.277,0.231,136
0.278,0.231,17
0.278,0.232,110
0.279,0.232,139
0.28,0.232,2
0.28,0.233,110
0.281,0.233,111
0.281,0.234,17
0.282,0.234,113
0.283,0.234,114
0.283,0.235,20
0.284,0.235,136
0.285,0.235,120
0.285,0.236,34
0.286,0.236,142
0.287,0.236,107
0.287,0.237,49
0.288,0.237,124
0.289,0.237,88
0.289,0.238,63
0.29,0.238,132
0.291,0.238,65
0.291,0.239,65
0.292,0.239,151
0.293,0.239,52
0.293,0.24,58
0.294,0.24,147
0.295,0.24,50
0.295,0.241,93
0.296,0.241,147
0.297,0.241,34
0.297,0.242,95
0.298,0.242,149
0.299,0.242,15
0.299,0.243,106
0.3,0.243,139
0.301,0.243,16
0.301,0.244,138
0.302,0.244,148
0.303,0.244,6
0.303,0.245,111
0.304,0.245,146
0.304,0.246,8
0.305,0.246,163
0.306,0.246,138
0.306,0.247,12
0.307,0.247,146
0.308,0.247,111
0.308,0.248,20
0.309,0.248,141
0.31,0.248,104
0.31,0.249,41
0.311,0.249,146
0.312,0.249,84
0.312,0.25,35
0.313,0.25,132
0.314,0.25,93
0.314,0.251,48
0.315,0.251,140
0.316,0.251,81
0.316,0.252,51
0.317,0.252,139
0.318,0.252,71
0.318,0.253,61
0.319,0.253,130
0.32,0.253,62
0.32,0.254,78
0.321,0.254,136
0.322,0.254,46
0.322,0.255,99
0.323,0.255,143
0.324,0.255,39
0.324,0.256,97
0.325,0.256,148
0.326,0.256,35
0.326,0.257,104
0.327,0.257,126
0.328,0.257,26
0.328,0.258,100
0.329,0.258,133
0.33,0.258,15
0.33,0.259,105
0.331,0.259,134
0.332,0.259,9
0.332,0.26,129
0.333,0.26,125
0.334,0.26,6
0.334,0.261,141
0.335,0.261,130
0.335,0.262,1
0.336,0.262,135
0.337,0.262,147
0.337,0.263,4
0.338,0.263,149
0.339,0.263,134
0.339,0.264,10
0.34,0.264,117
0.341,0.264,129
0.341,0.265,22
0.342,0.265,133
0.343,0.265,109
0.343,0.266,22
0.344,0.266,144
0.345,0.266,102
0.345,0.267,48
0.346,0.267,123
0.347,0.267,105
0.347,0.268,33
0.348,0.268,128
0.349,0.268,76
0.349,0.269,39
0.35,0.269,129
0.351,0.269,85
0.351,0.27,42
0.352,0.27,125
0.353,0.27,71
0.353,0.271,56
0.354,0.271,119
0.355,0.271,63
0.355,0.272,80
0.356,0.272,152
0.357,0.272,64
0.357,0.273,69
0.358,0.273,150
0.359,0.273,43
0.359,0.274,69
0.36,0.274,134
0.361,0.274,64
0.361,0.275,95
0.362,0.275,130
0.363,0.275,35
0.363,0.276,105
0.364,0.276,127
0.365,0.276,30
0.365,0.277,86
0.366,0.277,129
0.367,0.277,48
0.367,0.278,104
0.368,0.278,131
0.369,0.278,32
0.369,0.279,99
0.37,0.279,133
0.371,0.279,25
0.371,0.28,116
0.372,0.28,145
0.373,0.28,12
0.373,0.281,98
0.374,0.281,130
0.375,0.281,11
0.375,0.282,125
0.376,0.282,136
0.377,0.282,3
0.377,0.283,122
0.378,0.283,133
0.378,0.284,2
0.379,0.284,147
0.38,0.284,122
0.38,0.285,8
0.381,0.285,127
0.382,0.285,134
0.382,0.286,15
0.383,0.286,134
0.384,0.286,114
0.384,0.287,19
0.385,0.287,134
0.386,0.287,92
0.386,0.288,30
0.387,0.288,142
0.388,0.288,107
0.388,0.289,27
0.389,0.289,116
0.39,0.289,83
0.39,0.29,35
0.391,0.29,118
0.392,0.29,74
0.392,0.291,42
0.393,0.291,128
0.394,0.291,76
0.394,0.292,59
0.395,0.292,136
0.396,0.292,89
0.396,0.293,56
0.397,0.293,115
0.398,0.293,66
0.398,0.294,73
0.399,0.294,159
0.4,0.294,54
0.4,0.295,69
0.401,0.295,148
0.402,0.295,43
0.402,0.296,71
0.403,0.296,127
0.404,0.296,35
0.404,0.297,87
0.405,0.297,126
0.406,0.297,48
0.406,0.298,89
0.407,0.298,129
0.408,0.298,34
0.408,0.299,110
0.409,0.299,133
0.41,0.299,25
0.41,0.3,80
0.411,0.3,125
0.412,0.3,27
0.412,0.301,116
0.413,0.301,130
0.414,0.301,8
0.414,0.302,129
0.415,0.302,132
0.416,0.302,3
0.416,0.303,148
0.417,0.303,120
0.417,0.304,1
0.418,0.304,119
0.419,0.304,117
0.419,0.305,10
0.42,0.305,130
0.421,0.305,112
0.421,0.306,14
0.422,0.306,127
0.423,0.306,102
0.423,0.307,28
0.424,0.307,130
0.425,0.307,93
0.425,0.308,37
0.426,0.308,141
0.427,0.308,76
0.427,0.309,44
0.428,0.309,130
0.429,0.309,80
0.429,0.31,51
0.43,0.31,132
0.431,0.31,69
0.431,0.311,58
0.432,0.311,117
0.433,0.311,45
0.433,0.312,74
0.434,0.312,116
0.435,0.312,55
0.435,0.313,80
0.436,0.313,124
0.437,0.313,52
0.437,0.314,84
0.438,0.314,130
0.439,0.314,34
0.439,0.315,79
0.44,0.315,137
0.441,0.315,23
0.441,0.316,119
0.442,0.316,135
0.443,0.316,12
0.443,0.317,96
0.444,0.317,138
0.445,0.317,4
0.445,0.318,130
0.446,0.318,116
0.446,0.319,4
0.447,0.319,137
0.448,0.319,122
0.448,0.32,13
0.449,0.32,122
0.45,0.32,109
0.45,0.321,21
0.451,0.321,130
0.452,0.321,82
0.452,0.322,33
0.453,0.322,130
0.454,0.322,74
0.454,0.323,46
0.455,0.323,124
0.456,0.323,72
0.456,0.324,62
0.457,0.324,124
0.458,0.324,56
0.458,0.325,64
0.459,0.325,124
0.46,0.325,44
0.46,0.326,81
0.461,0.326,128
0.462,0.326,37
0.462,0.327,87
0.463,0.327,121
0.464,0.327,30
0.464,0.328,113
0.465,0.328,123
0.466,0.328,12
0.466,0.329,92
0.467,0.329,141
0.467,0.33,1
0.468,0.33,110
0.469,0.33,113
0.469,0.331,10
0.47,0.331,119
0.471,0.331,98
0.471,0.332,19
0.472,0.332,122
0.473,0.332,91
0.473,0.333,43
0.474,0.333,138
0.475,0.333,61
0.475,0.334,44
0.476,0.334,121
0.477,0.334,50
0.477,0.335,56
0.478,0.335,107
0.479,0.335,36
0.479,0.336,85
0.48,0.336,122
0.481,0.336,27
0.481,0.337,83
0.482,0.337,124
0.483,0.337,28
0.483,0.338,100
0.484,0.338,119
0.485,0.338,2
0.485,0.339,124
0.486,0.339,105
0.486,0.34,14
0.487,0.34,127
0.488,0.34,107
0.488,0.341,21
0.489,0.341,116
0.49,0.341,73
0.49,0.342,44
0.491,0.342,116
0.492,0.342,66
0.492,0.343,59
0.493,0.343,133
0.494,0.343,47
0.494,0.344,57
0.495,0.344,107
0.496,0.344,24
0.496,0.345,87
0.497,0.345,120
0.498,0.345,24
0.498,0.346,106
0.499,0.346,123
0.5,0.346,5
0.5,0.347,109
0.501,0.347,111
0.501,0.348,16
0.502,0.348,129
0.503,0.348,83
0.503,0.349,38
0.504,0.349,101
0.505,0.349,77
0.505,0.35,42
0.506,0.35,118
0.507,0.35,47
0.507,0.351,73
0.508,0.351,104
0.509,0.351,28
0.509,0.352,79
0.51,0.352,124
0.511,0.352,18
0.511,0.353,93
0.512,0.353,90
0.513,0.354,110
0.514,0.354,94
0.514,0.355,18
0.515,0.355,109
0.516,0.355,80
0.516,0.356,42
0.517,0.356,115
0.518,0.356,57
0.518,0.357,46
0.519,0.357,132
0.52,0.357,45
0.52,0.358,82
0.521,0.358,117
0.522,0.358,21
0.522,0.359,103
0.523,0.359,111
0.524,0.359,4
0.524,0.36,107
0.525,0.36,103
0.525,0.361,27
0.526,0.361,96
0.527,0.361,80
0.527,0.362,34
0.528,0.362,98
0.529,0.362,53
0.529,0.363,48
0.53,0.363,110
0.531,0.363,41
0.531,0.364,86
0.532,0.364,111
0.533,0.364,18
0.533,0.365,103
0.534,0.365,112
0.534,0.366,8
0.535,0.366,107
0.536,0.366,86
0.536,0.367,26
0.537,0.367,130
0.538,0.367,61
0.538,0.368,42
0.539,0.368,98
0.54,0.368,45
0.54,0.369,72
0.541,0.369,131
0.542,0.369,22
0.542,0.37,106
0.543,0.37,98
0.543,0.371,5
0.544,0.371,104
0.545,0.371,85
0.545,0.372,21
0.546,0.372,93
0.547,0.372,68
0.547,0.373,54
0.548,0.373,90
0.549,0.373,35
0.549,0.374,76
0.55,0.374,114
0.551,0.374,17
0.551,0.375,102
0.552,0.375,100
0.552,0.376,13
0.553,0.376,105
0.554,0.376,70
0.554,0.377,26
0.555,0.377,105
0.556,0.377,44
0.556,0.378,48
0.557,0.378,109
0.558,0.378,36
0.558,0.379,79
0.559,0.379,116
0.559,0.38,1
0.56,0.38,114
0.561,0.38,83
0.561,0.381,27
0.562,0.381,104
0.563,0.381,39
0.563,0.382,53
0.564,0.382,99
0.565,0.382,36
0.565,0.383,75
0.566,0.383,118
0.567,0.383,3
0.567,0.384,115
0.568,0.384,86
0.568,0.385,21
0.569,0.385,109
0.57,0.385,55
0.57,0.386,43
0.571,0.386,108
0.572,0.386,33
0.572,0.387,82
0.573,0.387,96
0.574,0.387,1
0.574,0.388,114
0.575,0.388,86
0.575,0.389,29
0.576,0.389,109
0.577,0.389,54
0.577,0.39,54
0.578,0.39,103
0.579,0.39,20
0.579,0.391,78
0.58,0.391,92
0.58,0.392,3
0.581,0.392,100
0.582,0.392,70
0.582,0.393,40
0.583,0.393,113
0.584,0.393,31
0.584,0.394,65
0.585,0.394,94
0.586,0.394,13
0.586,0.395,100
0.587,0.395,71
0.587,0.396,23
0.588,0.396,118
0.589,0.396,51
0.589,0.397,52
0.59,0.397,95
0.591,0.397,24
0.591,0.398,94
0.592,0.398,102
0.592,0.399,7
0.593,0.399,117
0.594,0.399,67
0.594,0.4,34
0.595,0.4,109
0.596,0.4,41
0.596,0.401,70
0.597,0.401,93
0.598,0.401,4
0.598,0.402,113
0.599,0.402,79
0.599,0.403,19
0.6,0.403,121
0.601,0.403,45
0.601,0.404,57
0.602,0.404,99
0.603,0.404,8
0.603,0.405,98
0.604,0.405,76
0.604,0.406,28
0.605,0.406,120
0.606,0.406,40
0.606,0.407,74
0.607,0.407,96
0.608,0.407,9
0.608,0.408,108
0.609,0.408,80
0.609,0.409,28
0.61,0.409,97
0.611,0.409,43
0.611,0.41,63
0.612,0.41,97
0.613,0.41,11
0.613,0.411,105
0.614,0.411,70
0.614,0.412,32
0.615,0.412,106
0.616,0.412,26
0.616,0.413,67
0.617,0.413,98
0.618,0.413,1
0.618,0.414,92
0.619,0.414,71
0.619,0.415,33
0.62,0.415,95
0.621,0.415,28
0.621,0.416,82
0.622,0.416,105
0.622,0.417,9
0.623,0.417,98
0.624,0.417,48
0.624,0.418,47
0.625,0.418,82
0.626,0.418,22
0.626,0.419,68
0.627,0.419,86
0.627,0.42,12
0.628,0.42,128
0.629,0.42,35
0.629,0.421,61
0.63,0.421,96
0.631,0.421,7
0.631,0.422,85
0.632,0.422,70
0.632,0.423,34
0.633,0.423,85
0.634,0.423,29
0.634,0.424,77
0.635,0.424,77
0.635,0.425,10
0.636,0.425,90
0.637,0.425,47
0.637,0.426,37
0.638,0.426,79
0.639,0.426,4
0.639,0.427,81
0.64,0.427,68
0.64,0.428,34
0.641,0.428,114
0.642,0.428,21
0.642,0.429,74
0.643,0.429,73
0.643,0.43,15
0.644,0.43,104
0.645,0.43,46
0.645,0.431,55
0.646,0.431,96
0.646,0.432,2
0.647,0.432,89
0.648,0.432,37
0.648,0.433,40
0.649,0.433,99
0.65,0.433,11
0.65,0.434,71
0.651,0.434,57
0.651,0.435,21
0.652,0.435,90
0.653,0.435,18
0.653,0.436,68
0.654,0.436,77
0.654,0.437,14
0.655,0.437,91
0.656,0.437,25
0.656,0.438,61
0.657,0.438,89
0.657,0.439,15
0.658,0.439,100
0.659,0.439,50
0.659,0.44,56
0.66,0.44,90
0.66,0.441,3
0.661,0.441,93
0.662,0.441,48
0.662,0.442,41
0.663,0.442,78
0.664,0.442,4
0.664,0.443,94
0.665,0.443,46
0.665,0.444,38
0.666,0.444,100
0.667,0.444,7
0.667,0.445,102
0.668,0.445,55
0.668,0.446,40
0.669,0.446,79
0.67,0.446,14
0.67,0.447,84
0.671,0.447,63
0.671,0.448,32
0.672,0.448,123
0.673,0.448,9
0.673,0.449,72
0.674,0.449,69
0.674,0.45,36
0.675,0.45,83
0.676,0.45,15
0.676,0.451,67
0.677,0.451,40
0.677,0.452,27
0.678,0.452,87
0.679,0.452,12
0.679,0.453,75
0.68,0.453,55
0.68,0.454,36
0.681,0.454,103
0.682,0.454,5
0.682,0.455,74
0.683,0.455,45
0.683,0.456,35
0.684,0.456,89
0.685,0.456,2
0.685,0.457,97
0.686,0.457,38
0.686,0.458,60
0.687,0.458,69
0.687,0.459,4
0.688,0.459,85
0.689,0.459,43
0.689,0.46,55
0.69,0.46,74
0.69,0.461,10
0.691,0.461,92
0.692,0.461,19
0.692,0.462,51
0.693,0.462,70
0.693,0.463,17
0.694,0.463,102
0.695,0.463,17
0.695,0.464,77
0.696,0.464,54
0.696,0.465,33
0.697,0.465,95
0.698,0.465,10
0.698,0.466,88
0.699,0.466,51
0.699,0.467,42
0.7,0.467,76
0.7,0.468,8
0.701,0.468,115
0.702,0.468,31
0.702,0.469,56
0.703,0.469,69
0.703,0.47,22
0.704,0.47,97
0.705,0.47,18
0.705,0.471,75
0.706,0.471,54
0.706,0.472,45
0.707,0.472,94
0.707,0.473,1
0.708,0.473,101
0.709,0.473,45
0.709,0.474,65
0.71,0.474,81
0.71,0.475,24
0.711,0.475,111
0.712,0.475,9
0.712,0.476,66
0.713,0.476,33
0.713,0.477,49
0.714,0.477,83
0.714,0.478,6
0.715,0.478,98
0.716,0.478,28
0.716,0.479,75
0.717,0.479,50
0.717,0.48,26
0.718,0.48,88
0.719,0.48,5
0.719,0.481,87
0.72,0.481,48
0.72,0.482,49
0.721,0.482,59
0.721,0.483,17
0.722,0.483,92
0.723,0.483,19
0.723,0.484,99
0.724,0.484,34
0.724,0.485,56
0.725,0.485,73
0.725,0.486,17
0.726,0.486,74
0.727,0.486,17
0.727,0.487,97
0.728,0.487,47
0.728,0.488,38
0.729,0.488,80
0.729,0.489,17
0.73,0.489,110
0.731,0.489,21
0.731,0.49,66
0.732,0.49,45
0.732,0.491,42
0.733,0.491,73
0.733,0.492,16
0.734,0.492,101
0.735,0.492,16
0.735,0.493,89
0.736,0.493,48
0.736,0.494,51
0.737,0.494,79
0.737,0.495,17
0.738,0.495,80
0.739,0.495,4
0.739,0.496,93
0.74,0.496,42
0.74,0.497,48
0.741,0.497,64
0.741,0.498,23
0.742,0.498,86
0.742,0.499,2
0.743,0.499,94
0.744,0.499,21
0.744,0.5,75
0.745,0.5,55
0.745,0.501,48
0.746,0.501,89
0.746,0.502,13
0.747,0.502,103
0.748,0.502,17
0.748,0.503,85
0.749,0.503,34
0.749,0.504,50
0.75,0.504,74
0.75,0.505,30
0.751,0.505,97
0.751,0.506,4
0.752,0.506,87
0.753,0.506,22
0.753,0.507,87
0.754,0.507,35
0.754,0.508,58
0.755,0.508,61
0.755,0.509,21
0.756,0.509,84
0.756,0.51,5
0.757,0.51,93
0.758,0.51,17
0.758,0.511,93
0.759,0.511,40
0.759,0.512,59
0.76,0.512,67
0.76,0.513,40
0.761,0.513,84
0.761,0.514,16
0.762,0.514,106
0.763,0.514,6
0.763,0.515,77
0.764,0.515,30
0.764,0.516,77
0.765,0.516,44
0.765,0.517,52
0.766,0.517,78
0.766,0.518,36
0.767,0.518,106
0.767,0.519,4
0.768,0.519,101
0.769,0.519,13
0.769,0.52,97
0.77,0.52,35
0.77,0.521,65
0.771,0.521,70
0.771,0.522,55
0.772,0.522,65
0.772,0.523,28
0.773,0.523,104
0.773,0.524,7
0.774,0.524,106
0.775,0.524,16
0.775,0.525,98
0.776,0.525,34
0.776,0.526,74
0.777,0.526,54
0.777,0.527,49
0.778,0.527,63
0.778,0.528,31
0.779,0.528,93
0.779,0.529,23
0.78,0.529,106
0.78,0.53,1
0.781,0.53,111
0.782,0.53,12
0.782,0.531,96
0.783,0.531,35
0.783,0.532,67
0.784,0.532,49
0.784,0.533,56
0.785,0.533,72
0.785,0.534,38
0.786,0.534,77
0.786,0.535,32
0.787,0.535,97
0.787,0.536,18
0.788,0.536,101
0.789,0.536,1
0.789,0.537,123
0.79,0.537,17
0.79,0.538,104
0.791,0.538,31
0.791,0.539,75
0.792,0.539,49
0.792,0.54,77
0.793,0.54,59
0.793,0.541,65
0.794,0.541,68
0.794,0.542,43
0.795,0.542,86
0.795,0.543,24
0.796,0.543,87
0.796,0.544,24
0.797,0.544,99
0.797,0.545,19
0.798,0.545,108
0.799,0.545,5
0.799,0.546,105
0.8,0.546,15
0.8,0.547,103
0.801,0.547,26
0.801,0.548,94
0.802,0.548,38
0.802,0.549,83
0.803,0.549,43
0.803,0.55,72
0.804,0.55,61
0.804,0.551,46
0.805,0.551,53
0.805,0.552,58
0.806,0.552,51
0.806,0.553,50
0.807,0.553,67
0.807,0.554,29
0.808,0.554,92
0.808,0.555,35
0.809,0.555,96
0.809,0.556,19
0.81,0.556,91
0.81,0.557,18
0.811,0.557,92
0.811,0.558,14
0.812,0.558,104
0.812,0.559,8
0.813,0.559,116
0.813,0.56,7
0.814,0.56,115
0.815,0.56,1
0.815,0.561,110
0.816,0.561,5
0.816,0.562,103
0.817,0.562,6
0.817,0.563,97
0.818,0.563,9
0.818,0.564,98
0.819,0.564,16
0.819,0.565,123
0.82,0.565,14
0.82,0.566,112
0.821,0.566,13
0.821,0.567,121
0.822,0.567,13
0.822,0.568,111
0.823,0.568,11
0.823,0.569,119
0.824,0.569,24
0.824,0.57,101
0.825,0.57,17
0.825,0.571,95
0.826,0.571,17
0.826,0.572,114
0.827,0.572,13
0.827,0.573,113
0.828,0.573,22
0.828,0.574,97
0.829,0.574,10
0.829,0.575,118
0.83,0.575,13
0.83,0.576,108
0.831,0.576,10
0.831,0.577,109
0.832,0.577,7
0.832,0.578,114
0.833,0.579,110
0.833,0.58,1
0.834,0.58,144
0.834,0.581,7
0.835,0.581,107
0.835,0.582,18
0.836,0.582,112
0.836,0.583,20
0.837,0.583,79
0.837,0.584,22
0.838,0.584,77
0.838,0.585,27
0.839,0.585,76
0.839,0.586,37
0.84,0.586,78
0.84,0.587,53
0.841,0.587,66
0.841,0.588,50
0.842,0.588,63
0.842,0.589,66
0.843,0.589,43
0.843,0.59,76
0.844,0.59,51
0.844,0.591,86
0.845,0.591,27
0.845,0.592,111
0.846,0.592,14
0.846,0.593,118
0.847,0.593,7
0.847,0.594,125
0.847,0.595,6
0.848,0.595,124
0.848,0.596,14
0.849,0.596,124
0.849,0.597,29
0.85,0.597,86
0.85,0.598,41
0.851,0.598,71
0.851,0.599,60
0.852,0.599,53
0.852,0.6,60
0.853,0.6,39
0.853,0.601,95
0.854,0.601,24
0.854,0.602,98
0.855,0.602,16
0.855,0.603,114
0.855,0.604,2
0.856,0.604,107
0.856,0.605,20
0.857,0.605,88
0.857,0.606,38
0.858,0.606,84
0.858,0.607,60
0.859,0.607,61
0.859,0.608,79
0.86,0.608,32
0.86,0.609,96
0.861,0.609,20
0.861,0.61,91
0.861,0.611,4
0.862,0.611,111
0.862,0.612,28
0.863,0.612,97
0.863,0.613,30
0.864,0.613,55
0.864,0.614,54
0.865,0.614,56
0.865,0.615,82
0.866,0.615,19
0.866,0.616,123
0.867,0.617,114
0.867,0.618,28
0.868,0.618,73
0.868,0.619,42
0.869,0.619,58
0.869,0.62,59
0.87,0.62,36
0.87,0.621,82
0.871,0.621,14
0.871,0.622,102
0.871,0.623,15
0.872,0.623,93
0.872,0.624,31
0.873,0.624,56
0.873,0.625,72
0.874,0.625,52
0.874,0.626,89
0.875,0.626,9
0.875,0.627,92
0.875,0.628,21
0.876,0.628,84
0.876,0.629,40
0.877,0.629,58
0.877,0.63,84
0.878,0.63,38
0.878,0.631,113
0.879,0.632,107
0.879,0.633,30
0.88,0.633,81
0.88,0.634,66
0.881,0.634,37
0.881,0.635,84
0.882,0.635,15
0.882,0.636,102
0.882,0.637,28
0.883,0.637,91
0.883,0.638,50
0.884,0.638,49
0.884,0.639,66
0.885,0.639,12
0.885,0.64,105
0.885,0.641,25
0.886,0.641,75
0.886,0.642,49
0.887,0.642,44
0.887,0.643,96
0.888,0.643,6
0.888,0.644,104
0.888,0.645,24
0.889,0.645,56
0.889,0.646,85
0.89,0.646,28
0.89,0.647,121
0.89,0.648,3
0.891,0.648,88
0.891,0.649,36
0.892,0.649,50
0.892,0.65,81
0.893,0.65,10
0.893,0.651,101
0.893,0.652,22
0.894,0.652,61
0.894,0.653,46
0.895,0.653,28
0.895,0.654,85
0.895,0.655,6
0.896,0.655,76
0.896,0.656,37
0.897,0.656,47
0.897,0.657,75
0.898,0.657,1
0.898,0.658,99
0.898,0.659,37
0.899,0.659,44
0.899,0.66,75
0.9,0.66,13
0.9,0.661,91
0.9,0.662,29
0.901,0.662,56
0.901,0.663,77
0.902,0.663,14
0.902,0.664,66
0.902,0.665,28
0.903,0.665,48
0.903,0.666,82
0.904,0.666,9
0.904,0.667,82
0.904,0.668,32
0.905,0.668,55
0.905,0.669,88
0.906,0.669,7
0.906,0.67,91
0.906,0.671,33
0.907,0.671,49
0.907,0.672,96
0.908,0.672,1
0.908,0.673,81
0.908,0.674,38
0.909,0.674,42
0.909,0.675,87
0.909,0.676,11
0.91,0.676,76
0.91,0.677,48
0.911,0.677,21
0.911,0.678,77
0.911,0.679,24
0.912,0.679,53
0.912,0.68,67
0.913,0.68,8
0.913,0.681,82
0.913,0.682,34
0.914,0.682,40
0.914,0.683,80
0.914,0.684,12
0.915,0.684,56
0.915,0.685,61
0.916,0.685,13
0.916,0.686,85
0.916,0.687,36
0.917,0.687,38
0.917,0.688,73
0.917,0.689,7
0.918,0.689,70
0.918,0.69,62
0.919,0.69,5
0.919,0.691,74
0.919,0.692,32
0.92,0.692,28
0.92,0.693,62
0.92,0.694,17
0.921,0.694,71
0.921,0.695,56
0.922,0.695,2
0.922,0.696,79
0.922,0.697,51
0.923,0.697,18
0.923,0.698,61
0.923,0.699,35
0.924,0.699,35
0.924,0.7,64
0.924,0.701,22
0.925,0.701,39
0.925,0.702,64
0.926,0.703,69
0.926,0.704,54
0.927,0.704,16
0.927,0.705,62
0.927,0.706,39
0.928,0.706,39
0.928,0.707,60
0.928,0.708,35
0.929,0.708,45
0.929,0.709,72
0.929,0.71,22
0.93,0.71,36
0.93,0.711,56
0.93,0.712,16
0.931,0.712,36
0.931,0.713,60
0.931,0.714,1
0.932,0.714,50
0.932,0.715,47
0.933,0.716,52
0.933,0.717,63
0.934,0.717,8
0.934,0.718,57
0.934,0.719,57
0.935,0.719,3
0.935,0.72,72
0.935,0.721,48
0.936,0.721,13
0.936,0.722,72
0.936,0.723,54
0.937,0.723,12
0.937,0.724,61
0.937,0.725,54
0.938,0.725,8
0.938,0.726,70
0.938,0.727,52
0.939,0.727,9
0.939,0.728,49
0.939,0.729,47
0.94,0.729,8
0.94,0.73,63
0.94,0.731,59
0.941,0.731,2
0.941,0.732,55
0.941,0.733,67
0.941,0.734,2
0.942,0.734,39
0.942,0.735,51
0.942,0.736,8
0.943,0.736,45
0.943,0.737,57
0.943,0.738,18
0.944,0.738,44
0.944,0.739,54
0.944,0.74,24
0.945,0.74,25
0.945,0.741,54
0.945,0.742,36
0.946,0.742,14
0.946,0.743,49
0.946,0.744,41
0.947,0.744,13
0.947,0.745,48
0.947,0.746,42
0.947,0.747,3
0.948,0.747,41
0.948,0.748,51
0.948,0.749,21
0.949,0.749,30
0.949,0.75,40
0.949,0.751,28
0.95,0.751,16
0.95,0.752,53
0.95,0.753,36
0.951,0.753,1
0.951,0.754,63
0.951,0.755,61
0.951,0.756,19
0.952,0.756,37
0.952,0.757,46
0.952,0.758,47
0.953,0.758,16
0.953,0.759,72
0.953,0.76,40
0.953,0.761,7
0.954,0.761,47
0.954,0.762,54
0.954,0.763,28
0.955,0.763,19
0.955,0.764,41
0.955,0.765,38
0.955,0.766,2
0.956,0.766,42
0.956,0.767,50
0.956,0.768,29
0.957,0.768,17
0.957,0.769,52
0.957,0.77,49
0.957,0.771,11
0.958,0.771,33
0.958,0.772,35
0.958,0.773,29
0.959,0.773,10
0.959,0.774,47
0.959,0.775,50
0.959,0.776,10
0.96,0.776,31
0.96,0.777,43
0.96,0.778,40
0.96,0.779,3
0.961,0.779,45
0.961,0.78,45
0.961,0.781,29
0.962,0.781,6
0.962,0.782,38
0.962,0.783,42
0.962,0.784,25
0.963,0.784,14
0.963,0.785,40
0.963,0.786,43
0.963,0.787,15
0.964,0.787,30
0.964,0.788,37
0.964,0.789,40
0.964,0.79,10
0.965,0.79,34
0.965,0.791,48
0.965,0.792,53
0.965,0.793,2
0.966,0.793,51
0.966,0.794,45
0.966,0.795,42
0.967,0.796,49
0.967,0.797,31
0.967,0.798,53
0.967,0.799,3
0.968,0.799,48
0.968,0.8,42
0.968,0.801,48
0.968,0.802,5
0.969,0.802,33
0.969,0.803,28
0.969,0.804,40
0.969,0.805,9
0.97,0.805,38
0.97,0.806,58
0.97,0.807,36
0.97,0.808,12
0.971,0.808,28
0.971,0.809,50
0.971,0.81,39
0.971,0.811,19
0.972,0.811,15
0.972,0.812,44
0.972,0.813,47
0.972,0.814,43
0.973,0.814,4
0.973,0.815,36
0.973,0.816,41
0.973,0.817,28
0.973,0.818,9
0.974,0.818,34
0.974,0.819,47
0.974,0.82,45
0.974,0.821,21
0.975,0.821,14
0.975,0.822,49
0.975,0.823,37
0.975,0.824,39
0.975,0.825,17
0.976,0.825,20
0.976,0.826,46
0.976,0.827,43
0.976,0.828,38
0.977,0.828,3
0.977,0.829,39
0.977,0.83,45
0.977,0.831,34
0.977,0.832,25
0.978,0.832,11
0.978,0.833,39
0.978,0.834,42
0.978,0.835,42
0.978,0.836,14
0.979,0.836,20
0.979,0.837,44
0.979,0.838,47
0.979,0.839,47
0.979,0.84,15
0.98,0.84,24
0.98,0.841,27
0.98,0.842,34
0.98,0.843,28
0.98,0.844,15
0.981,0.844,29
0.981,0.845,27
0.981,0.846,44
0.981,0.847,31
0.981,0.848,17
0.982,0.848,17
0.982,0.849,28
0.982,0.85,35
0.982,0.851,21
0.982,0.852,23
0.983,0.852,3
0.983,0.853,31
0.983,0.854,30
0.983,0.855,35
0.983,0.856,26
0.983,0.857,9
0.984,0.857,28
0.984,0.858,18
0.984,0.859,18
0.984,0.86,20
0.984,0.861,14
0.985,0.861,9
0.985,0.862,18
0.985,0.863,13
0.985,0.864,14
0.985,0.865,12
0.985,0.866,9
0.986,0.866,8
0.986,0.867,14
0.986,0.868,18
0.986,0.869,23
0.986,0.87,12
0.986,0.871,6
0.987,0.871,5
0.987,0.872,18
0.987,0.873,13
0.987,0.874,13
0.987,0.875,15
0.987,0.876,2
0.988,0.876,7
0.988,0.877,12
0.988,0.878,13
0.988,0.879,6
0.988,0.88,10
0.988,0.881,7
0.989,0.881,1
0.989,0.882,15
0.989,0.883,8
0.989,0.884,10
0.989,0.885,7
0.989,0.886,4
0.989,0.887,2
0.99,0.887,7
0.99,0.888,6
0.99,0.889,5
0.99,0.89,1
0.99,0.891,7
0.99,0.892,5
0.991,0.893,5
0.991,0.895,5
0.991,0.896,5
0.991,0.897,6
0.991,0.898,1
0.992,0.899,3
0.992,0.9,3
0.992,0.901,2
0.992,0.902,1
0.992,0.903,1
0.992,0.904,3
0.993,0.906,2
0.993,0.907,1
0.993,0.908,2
0.993,0.91,1
0.994,0.914,1
0.994,0.917,1
0.995,0.924,1
0.996,0.931,1
0.996,0.936,1
